date,Account,pnl
2023-01-05,0x3998f134d6aaa2b6a5f723806d00fd2bbbbce891,0.0
2023-05-12,0xb1231a4a2dd02f2276fa3c5e2a2f3436e6bfed23,0.0
2024-01-01,0xb1231a4a2dd02f2276fa3c5e2a2f3436e6bfed23,-129.53146
2024-01-02,0xb1231a4a2dd02f2276fa3c5e2a2f3436e6bfed23,0.0
2024-01-03,0x75f7eeb85dc639d5e99c78f95393aa9a5f1170d4,8244.241409
2024-01-04,0x4f93fead39b70a1824f981a54d4e55b278e9f760,0.840939
2024-01-04,0x75f7eeb85dc639d5e99c78f95393aa9a5f1170d4,2507.122467
2024-01-05,0x4f93fead39b70a1824f981a54d4e55b278e9f760,0.0
2024-01-06,0x8477e447846c758f5a675856001ea72298fd9cb5,91.510419
2024-01-07,0x4f93fead39b70a1824f981a54d4e55b278e9f760,1202.488212
2024-01-07,0xb1231a4a2dd02f2276fa3c5e2a2f3436e6bfed23,3863.351096
2024-01-08,0x3998f134d6aaa2b6a5f723806d00fd2bbbbce891,0.0
2024-01-08,0x4f93fead39b70a1824f981a54d4e55b278e9f760,0.0
2024-01-08,0x8477e447846c758f5a675856001ea72298fd9cb5,167.080017
2024-01-08,0xb1231a4a2dd02f2276fa3c5e2a2f3436e6bfed23,0.0
2024-01-09,0x8477e447846c758f5a675856001ea72298fd9cb5,137.433093
2024-01-10,0x4f93fead39b70a1824f981a54d4e55b278e9f760,0.0
2024-01-11,0x2c229d22b100a7beb69122eed721cee9b24011dd,-0.09906000000000104
2024-01-11,0x4f93fead39b70a1824f981a54d4e55b278e9f760,1040.5747959999999
2024-01-12,0x23e7a7f8d14b550961925fbfdaa92f5d195ba5bd,0.0
2024-01-12,0x28736f43f1e871e6aa8b1148d38d4994275d72c4,4458.25495
2024-01-12,0x3998f134d6aaa2b6a5f723806d00fd2bbbbce891,13.566929
2024-01-12,0x39cef799f8b69da1995852eea189df24eb5cae3c,0.0
2024-01-12,0x47add9a56df66b524d5e2c1993a43cde53b6ed85,197.422418
2024-01-12,0x4f93fead39b70a1824f981a54d4e55b278e9f760,337.835516
2024-01-12,0x8381e6d82f1affd39a336e143e081ef7620a3b7f,0.0
2024-01-12,0x8477e447846c758f5a675856001ea72298fd9cb5,1169.432253
2024-01-12,0xa520ded057a32086c40e7dd6ed4eb8efb82c00e0,34709.852428
2024-02-01,0xb1231a4a2dd02f2276fa3c5e2a2f3436e6bfed23,783.979116
2024-02-02,0xb1231a4a2dd02f2276fa3c5e2a2f3436e6bfed23,456.423473
2024-02-03,0x75f7eeb85dc639d5e99c78f95393aa9a5f1170d4,1674.715167
2024-02-03,0xb1231a4a2dd02f2276fa3c5e2a2f3436e6bfed23,-1443.814567
2024-02-04,0x4f93fead39b70a1824f981a54d4e55b278e9f760,883.760812
2024-02-04,0xb1231a4a2dd02f2276fa3c5e2a2f3436e6bfed23,0.0
2024-02-06,0x8477e447846c758f5a675856001ea72298fd9cb5,192.906947
2024-02-07,0xb1231a4a2dd02f2276fa3c5e2a2f3436e6bfed23,2421.253116
2024-02-08,0x4f93fead39b70a1824f981a54d4e55b278e9f760,0.0
2024-02-08,0x8477e447846c758f5a675856001ea72298fd9cb5,228.247701
2024-02-08,0xb1231a4a2dd02f2276fa3c5e2a2f3436e6bfed23,554.12049
2024-02-09,0x4f93fead39b70a1824f981a54d4e55b278e9f760,0.0
2024-02-10,0x4f93fead39b70a1824f981a54d4e55b278e9f760,0.0
2024-02-11,0x4f93fead39b70a1824f981a54d4e55b278e9f760,0.0
2024-02-12,0x28736f43f1e871e6aa8b1148d38d4994275d72c4,1283.846047
2024-02-12,0x2c229d22b100a7beb69122eed721cee9b24011dd,16196.864846
2024-02-12,0x3998f134d6aaa2b6a5f723806d00fd2bbbbce891,0.0
2024-02-12,0x3f9a0aadc7f04a7c9d75dc1b5a6ddd6e36486cf6,0.0
2024-02-12,0x4f93fead39b70a1824f981a54d4e55b278e9f760,754.7378
2024-02-12,0x8381e6d82f1affd39a336e143e081ef7620a3b7f,0.0
2024-02-12,0x8477e447846c758f5a675856001ea72298fd9cb5,254.15562
2024-02-12,0xae5eacaf9c6b9111fd53034a602c192a04e082ed,0.0
2024-03-01,0xb1231a4a2dd02f2276fa3c5e2a2f3436e6bfed23,866.015507
2024-03-02,0xb1231a4a2dd02f2276fa3c5e2a2f3436e6bfed23,223.30918699999998
2024-03-03,0x75f7eeb85dc639d5e99c78f95393aa9a5f1170d4,8361.086245
2024-03-04,0x75f7eeb85dc639d5e99c78f95393aa9a5f1170d4,126.7884
2024-03-04,0xb1231a4a2dd02f2276fa3c5e2a2f3436e6bfed23,0.0
2024-03-05,0x4f93fead39b70a1824f981a54d4e55b278e9f760,5319.861625
2024-03-05,0x75f7eeb85dc639d5e99c78f95393aa9a5f1170d4,-13.844579999999999
2024-03-05,0xb1231a4a2dd02f2276fa3c5e2a2f3436e6bfed23,0.0
2024-03-06,0x8477e447846c758f5a675856001ea72298fd9cb5,562.808208
2024-03-07,0x4f93fead39b70a1824f981a54d4e55b278e9f760,1118.387284
2024-03-07,0xb1231a4a2dd02f2276fa3c5e2a2f3436e6bfed23,0.0
2024-03-08,0x3998f134d6aaa2b6a5f723806d00fd2bbbbce891,0.0
2024-03-08,0x4f93fead39b70a1824f981a54d4e55b278e9f760,0.0
2024-03-08,0x8477e447846c758f5a675856001ea72298fd9cb5,464.1897
2024-03-08,0xa520ded057a32086c40e7dd6ed4eb8efb82c00e0,0.0
2024-03-08,0xb1231a4a2dd02f2276fa3c5e2a2f3436e6bfed23,0.0
2024-03-10,0x3f9a0aadc7f04a7c9d75dc1b5a6ddd6e36486cf6,100.375782
2024-03-10,0x4f93fead39b70a1824f981a54d4e55b278e9f760,0.0
2024-03-11,0x3f9a0aadc7f04a7c9d75dc1b5a6ddd6e36486cf6,0.0
2024-03-11,0x4f93fead39b70a1824f981a54d4e55b278e9f760,0.0
2024-03-12,0x28736f43f1e871e6aa8b1148d38d4994275d72c4,1190.358719
2024-03-12,0x2c229d22b100a7beb69122eed721cee9b24011dd,121.535562
2024-03-12,0x39cef799f8b69da1995852eea189df24eb5cae3c,0.0
2024-03-12,0x47add9a56df66b524d5e2c1993a43cde53b6ed85,30.727222
2024-03-12,0x4f93fead39b70a1824f981a54d4e55b278e9f760,1467.1002210000001
2024-03-12,0x8477e447846c758f5a675856001ea72298fd9cb5,-158.695661
2024-03-12,0xa520ded057a32086c40e7dd6ed4eb8efb82c00e0,0.0
2024-03-12,0xae5eacaf9c6b9111fd53034a602c192a04e082ed,20925.513222
2024-04-01,0xb1231a4a2dd02f2276fa3c5e2a2f3436e6bfed23,-67.60364
2024-04-02,0xb1231a4a2dd02f2276fa3c5e2a2f3436e6bfed23,47.62389499999999
2024-04-03,0x75f7eeb85dc639d5e99c78f95393aa9a5f1170d4,26773.771643
2024-04-03,0xb1231a4a2dd02f2276fa3c5e2a2f3436e6bfed23,1026.004099
2024-04-04,0x4f93fead39b70a1824f981a54d4e55b278e9f760,0.0
2024-04-05,0x4f93fead39b70a1824f981a54d4e55b278e9f760,0.0
2024-04-05,0xb1231a4a2dd02f2276fa3c5e2a2f3436e6bfed23,0.0
2024-04-06,0x8477e447846c758f5a675856001ea72298fd9cb5,52.211438
2024-04-07,0x4f93fead39b70a1824f981a54d4e55b278e9f760,0.0
2024-04-07,0xb1231a4a2dd02f2276fa3c5e2a2f3436e6bfed23,0.0
2024-04-08,0x3998f134d6aaa2b6a5f723806d00fd2bbbbce891,0.0
2024-04-08,0x4f93fead39b70a1824f981a54d4e55b278e9f760,-108604.496278
2024-04-08,0x8477e447846c758f5a675856001ea72298fd9cb5,109.005815
2024-04-08,0xa520ded057a32086c40e7dd6ed4eb8efb82c00e0,-14176.51042
2024-04-08,0xb1231a4a2dd02f2276fa3c5e2a2f3436e6bfed23,0.0
2024-04-09,0x4f93fead39b70a1824f981a54d4e55b278e9f760,0.0
2024-04-09,0xb1231a4a2dd02f2276fa3c5e2a2f3436e6bfed23,1065.785132
2024-04-10,0xb1231a4a2dd02f2276fa3c5e2a2f3436e6bfed23,0.0
2024-04-11,0x3f9a0aadc7f04a7c9d75dc1b5a6ddd6e36486cf6,540.05911
2024-04-11,0x4f93fead39b70a1824f981a54d4e55b278e9f760,2259.351364
2024-04-12,0x28736f43f1e871e6aa8b1148d38d4994275d72c4,9066.169646
2024-04-12,0x2c229d22b100a7beb69122eed721cee9b24011dd,7591.307059
2024-04-12,0x47add9a56df66b524d5e2c1993a43cde53b6ed85,910.584797
2024-04-12,0x4f93fead39b70a1824f981a54d4e55b278e9f760,291.35271
2024-04-12,0x8381e6d82f1affd39a336e143e081ef7620a3b7f,33.26141600000001
2024-04-12,0xae5eacaf9c6b9111fd53034a602c192a04e082ed,0.0
2024-04-12,0xb1231a4a2dd02f2276fa3c5e2a2f3436e6bfed23,274999.139393
2024-05-01,0xb1231a4a2dd02f2276fa3c5e2a2f3436e6bfed23,164.141565
2024-05-02,0xb1231a4a2dd02f2276fa3c5e2a2f3436e6bfed23,-33.45419400000003
2024-05-03,0x75f7eeb85dc639d5e99c78f95393aa9a5f1170d4,19791.026041
2024-05-04,0x4f93fead39b70a1824f981a54d4e55b278e9f760,4444.4983010000005
2024-05-04,0x75f7eeb85dc639d5e99c78f95393aa9a5f1170d4,5296.433789
2024-05-04,0xb1231a4a2dd02f2276fa3c5e2a2f3436e6bfed23,965.5522159999999
2024-05-05,0x4f93fead39b70a1824f981a54d4e55b278e9f760,0.0
2024-05-05,0x75f7eeb85dc639d5e99c78f95393aa9a5f1170d4,0.916
2024-05-06,0x8477e447846c758f5a675856001ea72298fd9cb5,56.055506
2024-05-07,0x4f93fead39b70a1824f981a54d4e55b278e9f760,0.0
2024-05-07,0xb1231a4a2dd02f2276fa3c5e2a2f3436e6bfed23,0.0
2024-05-08,0x4f93fead39b70a1824f981a54d4e55b278e9f760,-4779.219012
2024-05-08,0x8477e447846c758f5a675856001ea72298fd9cb5,160.44369899999998
2024-05-08,0xa520ded057a32086c40e7dd6ed4eb8efb82c00e0,0.0
2024-05-08,0xb1231a4a2dd02f2276fa3c5e2a2f3436e6bfed23,-8394.889856
2024-05-09,0x3998f134d6aaa2b6a5f723806d00fd2bbbbce891,0.0
2024-05-10,0x430f09841d65beb3f27765503d0f850b8bce7713,0.0
2024-05-10,0x4f93fead39b70a1824f981a54d4e55b278e9f760,5767.161892
2024-05-11,0x4f93fead39b70a1824f981a54d4e55b278e9f760,678.4759280000001
2024-05-12,0x271b280974205ca63b716753467d5a371de622ab,208.81746
2024-05-12,0x28736f43f1e871e6aa8b1148d38d4994275d72c4,14685.787664
2024-05-12,0x2c229d22b100a7beb69122eed721cee9b24011dd,2069.92634
2024-05-12,0x39cef799f8b69da1995852eea189df24eb5cae3c,0.0
2024-05-12,0x47add9a56df66b524d5e2c1993a43cde53b6ed85,3174.023699
2024-05-12,0x4f93fead39b70a1824f981a54d4e55b278e9f760,1435.68724
2024-05-12,0x8381e6d82f1affd39a336e143e081ef7620a3b7f,0.0
2024-05-12,0xb1231a4a2dd02f2276fa3c5e2a2f3436e6bfed23,49999.876084999996
2024-06-01,0xb1231a4a2dd02f2276fa3c5e2a2f3436e6bfed23,135.58166400000002
2024-06-02,0xb1231a4a2dd02f2276fa3c5e2a2f3436e6bfed23,-215.615907
2024-06-03,0x75f7eeb85dc639d5e99c78f95393aa9a5f1170d4,6814.825139
2024-06-04,0x4f93fead39b70a1824f981a54d4e55b278e9f760,236.33513399999998
2024-06-05,0x4f93fead39b70a1824f981a54d4e55b278e9f760,968.59038
2024-06-06,0x8477e447846c758f5a675856001ea72298fd9cb5,274.173187
2024-06-07,0xb1231a4a2dd02f2276fa3c5e2a2f3436e6bfed23,108.87217799999999
2024-06-08,0x3998f134d6aaa2b6a5f723806d00fd2bbbbce891,215.754798
2024-06-08,0xb1231a4a2dd02f2276fa3c5e2a2f3436e6bfed23,51.56325
2024-06-09,0x4f93fead39b70a1824f981a54d4e55b278e9f760,0.0
2024-06-09,0xb1231a4a2dd02f2276fa3c5e2a2f3436e6bfed23,-1104.856765
2024-06-10,0x4f93fead39b70a1824f981a54d4e55b278e9f760,130.487079
2024-06-11,0x2c229d22b100a7beb69122eed721cee9b24011dd,-3.41119
2024-06-11,0x4f93fead39b70a1824f981a54d4e55b278e9f760,2821.24842
2024-06-12,0x083384f897ee0f19899168e3b1bec365f52a9012,-175611.00005600002
2024-06-12,0x23e7a7f8d14b550961925fbfdaa92f5d195ba5bd,0.0
2024-06-12,0x28736f43f1e871e6aa8b1148d38d4994275d72c4,389.176232
2024-06-12,0x2c229d22b100a7beb69122eed721cee9b24011dd,-123.870122
2024-06-12,0x39cef799f8b69da1995852eea189df24eb5cae3c,0.0
2024-06-12,0x420ab45e0bd8863569a5efbb9c05d91f40624641,0.0
2024-06-12,0x47add9a56df66b524d5e2c1993a43cde53b6ed85,514.886454
2024-06-12,0x4f93fead39b70a1824f981a54d4e55b278e9f760,7206.315268
2024-06-12,0x8381e6d82f1affd39a336e143e081ef7620a3b7f,0.0
2024-06-12,0xb1231a4a2dd02f2276fa3c5e2a2f3436e6bfed23,74999.848329
2024-07-01,0xb1231a4a2dd02f2276fa3c5e2a2f3436e6bfed23,-835.681235
2024-07-02,0xb1231a4a2dd02f2276fa3c5e2a2f3436e6bfed23,241.24212
2024-07-04,0x4f93fead39b70a1824f981a54d4e55b278e9f760,0.0
2024-07-05,0x4f93fead39b70a1824f981a54d4e55b278e9f760,656.21704
2024-07-05,0x75f7eeb85dc639d5e99c78f95393aa9a5f1170d4,0.0
2024-07-05,0xb1231a4a2dd02f2276fa3c5e2a2f3436e6bfed23,227.320653
2024-07-06,0x4f93fead39b70a1824f981a54d4e55b278e9f760,7329.223137999999
2024-07-06,0x8477e447846c758f5a675856001ea72298fd9cb5,1573.244278
2024-07-06,0xb1231a4a2dd02f2276fa3c5e2a2f3436e6bfed23,0.0
2024-07-07,0xb1231a4a2dd02f2276fa3c5e2a2f3436e6bfed23,61.428942
2024-07-08,0x3998f134d6aaa2b6a5f723806d00fd2bbbbce891,0.0
2024-07-08,0xa520ded057a32086c40e7dd6ed4eb8efb82c00e0,0.0
2024-07-08,0xb1231a4a2dd02f2276fa3c5e2a2f3436e6bfed23,188.789255
2024-07-10,0x4f93fead39b70a1824f981a54d4e55b278e9f760,0.0
2024-07-11,0x3f9a0aadc7f04a7c9d75dc1b5a6ddd6e36486cf6,503.46257599999996
2024-07-11,0x4f93fead39b70a1824f981a54d4e55b278e9f760,628.96246
2024-07-11,0xa520ded057a32086c40e7dd6ed4eb8efb82c00e0,3360.9281
2024-07-12,0x23e7a7f8d14b550961925fbfdaa92f5d195ba5bd,3515.031065
2024-07-12,0x28736f43f1e871e6aa8b1148d38d4994275d72c4,4008.012049
2024-07-12,0x47add9a56df66b524d5e2c1993a43cde53b6ed85,1040.616939
2024-07-12,0x4f93fead39b70a1824f981a54d4e55b278e9f760,2342.996384
2024-07-12,0x8381e6d82f1affd39a336e143e081ef7620a3b7f,0.0
2024-07-12,0xb1231a4a2dd02f2276fa3c5e2a2f3436e6bfed23,74999.62263
2024-08-01,0xb1231a4a2dd02f2276fa3c5e2a2f3436e6bfed23,-269.874439
2024-08-02,0xb1231a4a2dd02f2276fa3c5e2a2f3436e6bfed23,770.756024
2024-08-03,0x75f7eeb85dc639d5e99c78f95393aa9a5f1170d4,4271.886236
2024-08-04,0x4f93fead39b70a1824f981a54d4e55b278e9f760,0.0
2024-08-04,0x75f7eeb85dc639d5e99c78f95393aa9a5f1170d4,1218.4267
2024-08-05,0x4f93fead39b70a1824f981a54d4e55b278e9f760,0.0
2024-08-05,0x75f7eeb85dc639d5e99c78f95393aa9a5f1170d4,1.56576
2024-08-06,0x4f93fead39b70a1824f981a54d4e55b278e9f760,0.0
2024-08-06,0x8477e447846c758f5a675856001ea72298fd9cb5,129.13883900000002
2024-08-07,0xb1231a4a2dd02f2276fa3c5e2a2f3436e6bfed23,0.0
2024-08-08,0xa520ded057a32086c40e7dd6ed4eb8efb82c00e0,-40.712216999999995
2024-08-08,0xb1231a4a2dd02f2276fa3c5e2a2f3436e6bfed23,0.0
2024-08-09,0xa520ded057a32086c40e7dd6ed4eb8efb82c00e0,0.0
2024-08-10,0x4f93fead39b70a1824f981a54d4e55b278e9f760,5396.546638
2024-08-10,0xb1231a4a2dd02f2276fa3c5e2a2f3436e6bfed23,0.0
2024-08-11,0x2c229d22b100a7beb69122eed721cee9b24011dd,-710.786946
2024-08-11,0x4f93fead39b70a1824f981a54d4e55b278e9f760,646.3734049999999
2024-08-12,0x28736f43f1e871e6aa8b1148d38d4994275d72c4,554.009942
2024-08-12,0x47add9a56df66b524d5e2c1993a43cde53b6ed85,227.072158
2024-08-12,0x4f93fead39b70a1824f981a54d4e55b278e9f760,0.0
2024-08-12,0x8381e6d82f1affd39a336e143e081ef7620a3b7f,-21.54374
2024-08-12,0xb1231a4a2dd02f2276fa3c5e2a2f3436e6bfed23,0.0
2024-08-12,0xbee1707d6b44d4d52bfe19e41f8a828645437aab,15206.395076
2024-09-01,0xb1231a4a2dd02f2276fa3c5e2a2f3436e6bfed23,-826.349863
2024-09-03,0x75f7eeb85dc639d5e99c78f95393aa9a5f1170d4,9949.501624
2024-09-04,0x4f93fead39b70a1824f981a54d4e55b278e9f760,0.0
2024-09-05,0x4f93fead39b70a1824f981a54d4e55b278e9f760,1147.595856
2024-09-05,0xb1231a4a2dd02f2276fa3c5e2a2f3436e6bfed23,0.0
2024-09-06,0x4f93fead39b70a1824f981a54d4e55b278e9f760,0.0
2024-09-06,0xb1231a4a2dd02f2276fa3c5e2a2f3436e6bfed23,0.0
2024-09-07,0xb1231a4a2dd02f2276fa3c5e2a2f3436e6bfed23,648.984412
2024-09-08,0x430f09841d65beb3f27765503d0f850b8bce7713,0.0
2024-09-08,0x4f93fead39b70a1824f981a54d4e55b278e9f760,11147.900554
2024-09-08,0x8477e447846c758f5a675856001ea72298fd9cb5,151.092375
2024-09-08,0xa520ded057a32086c40e7dd6ed4eb8efb82c00e0,0.0
2024-09-08,0xb1231a4a2dd02f2276fa3c5e2a2f3436e6bfed23,6783.078347
2024-09-09,0xb1231a4a2dd02f2276fa3c5e2a2f3436e6bfed23,0.0
2024-09-10,0x4f93fead39b70a1824f981a54d4e55b278e9f760,396.06272
2024-09-11,0x4f93fead39b70a1824f981a54d4e55b278e9f760,0.0
2024-09-11,0x8477e447846c758f5a675856001ea72298fd9cb5,102.90894
2024-09-12,0x23e7a7f8d14b550961925fbfdaa92f5d195ba5bd,0.0
2024-09-12,0x28736f43f1e871e6aa8b1148d38d4994275d72c4,768.430838
2024-09-12,0x39cef799f8b69da1995852eea189df24eb5cae3c,483.662076
2024-09-12,0x47add9a56df66b524d5e2c1993a43cde53b6ed85,311.290605
2024-09-12,0x4f93fead39b70a1824f981a54d4e55b278e9f760,2350.499742
2024-09-12,0x513b8629fe877bb581bf244e326a047b249c4ff1,0.0
2024-09-12,0x75f7eeb85dc639d5e99c78f95393aa9a5f1170d4,0.01574
2024-09-12,0x8381e6d82f1affd39a336e143e081ef7620a3b7f,0.0
2024-09-12,0xaf40fdc468c30116bd3307bcbf4a451a7ebf1deb,0.0
2024-09-12,0xbee1707d6b44d4d52bfe19e41f8a828645437aab,2397.068675
2024-10-01,0xb1231a4a2dd02f2276fa3c5e2a2f3436e6bfed23,-1517.091342
2024-10-03,0x75f7eeb85dc639d5e99c78f95393aa9a5f1170d4,2482.9272
2024-10-04,0x4f93fead39b70a1824f981a54d4e55b278e9f760,5207.443414
2024-10-05,0x4f93fead39b70a1824f981a54d4e55b278e9f760,2101.741695
2024-10-06,0x4f93fead39b70a1824f981a54d4e55b278e9f760,0.0
2024-10-06,0x8477e447846c758f5a675856001ea72298fd9cb5,31.266804999999998
2024-10-07,0x4f93fead39b70a1824f981a54d4e55b278e9f760,11595.627026
2024-10-07,0xb1231a4a2dd02f2276fa3c5e2a2f3436e6bfed23,382.10788099999996
2024-10-08,0x430f09841d65beb3f27765503d0f850b8bce7713,0.0
2024-10-08,0xb1231a4a2dd02f2276fa3c5e2a2f3436e6bfed23,0.0
2024-10-09,0xa520ded057a32086c40e7dd6ed4eb8efb82c00e0,-219.729659
2024-10-09,0xb1231a4a2dd02f2276fa3c5e2a2f3436e6bfed23,0.0
2024-10-10,0x4f93fead39b70a1824f981a54d4e55b278e9f760,0.0
2024-10-11,0x3f9a0aadc7f04a7c9d75dc1b5a6ddd6e36486cf6,0.0
2024-10-11,0x4f93fead39b70a1824f981a54d4e55b278e9f760,548.36595
2024-10-11,0x8477e447846c758f5a675856001ea72298fd9cb5,442.748384
2024-10-12,0x23e7a7f8d14b550961925fbfdaa92f5d195ba5bd,2517.787385
2024-10-12,0x28736f43f1e871e6aa8b1148d38d4994275d72c4,980.557461
2024-10-12,0x2c229d22b100a7beb69122eed721cee9b24011dd,130.883691
2024-10-12,0x39cef799f8b69da1995852eea189df24eb5cae3c,0.0
2024-10-12,0x47add9a56df66b524d5e2c1993a43cde53b6ed85,1474.670598
2024-10-12,0x4f93fead39b70a1824f981a54d4e55b278e9f760,3986.312514
2024-10-12,0x75f7eeb85dc639d5e99c78f95393aa9a5f1170d4,3634.56814
2024-10-12,0x8381e6d82f1affd39a336e143e081ef7620a3b7f,0.0
2024-10-12,0xa520ded057a32086c40e7dd6ed4eb8efb82c00e0,0.0
2024-10-12,0xbd5fead7180a9c139fa51a103cb6a2ce86ddb5c3,0.0
2024-10-12,0xbee1707d6b44d4d52bfe19e41f8a828645437aab,26600.990442
2024-11-01,0x3998f134d6aaa2b6a5f723806d00fd2bbbbce891,0.0
2024-11-01,0xb1231a4a2dd02f2276fa3c5e2a2f3436e6bfed23,-164.08950099999998
2024-11-02,0xb1231a4a2dd02f2276fa3c5e2a2f3436e6bfed23,983.443176
2024-11-03,0x75f7eeb85dc639d5e99c78f95393aa9a5f1170d4,3588.179495
2024-11-04,0x4f93fead39b70a1824f981a54d4e55b278e9f760,389.743164
2024-11-05,0x4f93fead39b70a1824f981a54d4e55b278e9f760,251.604742
2024-11-06,0x4f93fead39b70a1824f981a54d4e55b278e9f760,0.0
2024-11-06,0x8477e447846c758f5a675856001ea72298fd9cb5,51.081143
2024-11-06,0xb1231a4a2dd02f2276fa3c5e2a2f3436e6bfed23,4269.550668
2024-11-07,0x4f93fead39b70a1824f981a54d4e55b278e9f760,1876.812082
2024-11-08,0x4f93fead39b70a1824f981a54d4e55b278e9f760,847.7766200000001
2024-11-08,0xb1231a4a2dd02f2276fa3c5e2a2f3436e6bfed23,0.0
2024-11-09,0x430f09841d65beb3f27765503d0f850b8bce7713,0.0
2024-11-10,0x430f09841d65beb3f27765503d0f850b8bce7713,0.0
2024-11-10,0x4f93fead39b70a1824f981a54d4e55b278e9f760,8885.327477
2024-11-11,0x083384f897ee0f19899168e3b1bec365f52a9012,0.0
2024-11-11,0x3f9a0aadc7f04a7c9d75dc1b5a6ddd6e36486cf6,393.07947
2024-11-11,0x4f93fead39b70a1824f981a54d4e55b278e9f760,1479.677222
2024-11-11,0x8477e447846c758f5a675856001ea72298fd9cb5,4876.874304
2024-11-12,0x28736f43f1e871e6aa8b1148d38d4994275d72c4,1582.001112
2024-11-12,0x2c229d22b100a7beb69122eed721cee9b24011dd,8544.6855
2024-11-12,0x39cef799f8b69da1995852eea189df24eb5cae3c,3721.345649
2024-11-12,0x47add9a56df66b524d5e2c1993a43cde53b6ed85,1157.689489
2024-11-12,0x4f93fead39b70a1824f981a54d4e55b278e9f760,1083.777057
2024-11-12,0x6d6a4b953f202f8df5bed40692e7fd865318264a,698.009722
2024-11-12,0x75f7eeb85dc639d5e99c78f95393aa9a5f1170d4,1567.4026840000001
2024-11-12,0xa520ded057a32086c40e7dd6ed4eb8efb82c00e0,994.238977
2024-11-12,0xaf40fdc468c30116bd3307bcbf4a451a7ebf1deb,39.7705
2024-11-12,0xb1231a4a2dd02f2276fa3c5e2a2f3436e6bfed23,274998.942584
2024-11-12,0xbd5fead7180a9c139fa51a103cb6a2ce86ddb5c3,0.0
2024-11-12,0xbee1707d6b44d4d52bfe19e41f8a828645437aab,24663.690943
2024-12-01,0xb1231a4a2dd02f2276fa3c5e2a2f3436e6bfed23,-1925.519024
2024-12-02,0xb1231a4a2dd02f2276fa3c5e2a2f3436e6bfed23,913.8817869999998
2024-12-03,0x75f7eeb85dc639d5e99c78f95393aa9a5f1170d4,3039.166
2024-12-04,0x4f93fead39b70a1824f981a54d4e55b278e9f760,0.0
2024-12-04,0x75f7eeb85dc639d5e99c78f95393aa9a5f1170d4,2237.798674
2024-12-04,0xb1231a4a2dd02f2276fa3c5e2a2f3436e6bfed23,-2830.444513
2024-12-05,0x4f93fead39b70a1824f981a54d4e55b278e9f760,0.0
2024-12-05,0xb1231a4a2dd02f2276fa3c5e2a2f3436e6bfed23,0.0
2024-12-06,0x8477e447846c758f5a675856001ea72298fd9cb5,-21886.531493
2024-12-06,0xb1231a4a2dd02f2276fa3c5e2a2f3436e6bfed23,0.0
2024-12-07,0x4f93fead39b70a1824f981a54d4e55b278e9f760,0.0
2024-12-07,0xb1231a4a2dd02f2276fa3c5e2a2f3436e6bfed23,1412.314654
2024-12-08,0x430f09841d65beb3f27765503d0f850b8bce7713,0.0
2024-12-08,0x4f93fead39b70a1824f981a54d4e55b278e9f760,858.6705000000001
2024-12-08,0xb1231a4a2dd02f2276fa3c5e2a2f3436e6bfed23,0.0
2024-12-10,0x4f93fead39b70a1824f981a54d4e55b278e9f760,541.55471
2024-12-11,0x39cef799f8b69da1995852eea189df24eb5cae3c,0.0
2024-12-11,0x3f9a0aadc7f04a7c9d75dc1b5a6ddd6e36486cf6,0.0
2024-12-11,0x4f93fead39b70a1824f981a54d4e55b278e9f760,2053.119744
2024-12-11,0x8477e447846c758f5a675856001ea72298fd9cb5,1441.27965
2024-12-12,0x28736f43f1e871e6aa8b1148d38d4994275d72c4,5806.86932
2024-12-12,0x2c229d22b100a7beb69122eed721cee9b24011dd,7639.595794
2024-12-12,0x420ab45e0bd8863569a5efbb9c05d91f40624641,1762.46
2024-12-12,0x47add9a56df66b524d5e2c1993a43cde53b6ed85,574.398074
2024-12-12,0x4f93fead39b70a1824f981a54d4e55b278e9f760,0.0
2024-12-12,0x513b8629fe877bb581bf244e326a047b249c4ff1,0.0
2024-12-12,0x6d6a4b953f202f8df5bed40692e7fd865318264a,362.84131
2024-12-12,0x72c6a4624e1dffa724e6d00d64ceae698af892a0,0.0
2024-12-12,0x75f7eeb85dc639d5e99c78f95393aa9a5f1170d4,323.34897900000016
2024-12-12,0xa520ded057a32086c40e7dd6ed4eb8efb82c00e0,2512.437585
2024-12-12,0xaf40fdc468c30116bd3307bcbf4a451a7ebf1deb,15.24474
2024-12-12,0xb1231a4a2dd02f2276fa3c5e2a2f3436e6bfed23,449328.107544
2024-12-12,0xbd5fead7180a9c139fa51a103cb6a2ce86ddb5c3,0.0
2024-12-12,0xbee1707d6b44d4d52bfe19e41f8a828645437aab,130826.491662
2025-01-01,0x28736f43f1e871e6aa8b1148d38d4994275d72c4,109.82694000000001
2025-01-01,0x39cef799f8b69da1995852eea189df24eb5cae3c,-9655.676981
2025-01-01,0x47add9a56df66b524d5e2c1993a43cde53b6ed85,17.784696
2025-01-01,0x4f93fead39b70a1824f981a54d4e55b278e9f760,0.0
2025-01-01,0x7f4f299f74eec87806a830e3caa9afa5f2b9db8f,0.0
2025-01-01,0x8381e6d82f1affd39a336e143e081ef7620a3b7f,0.0
2025-01-02,0x23e7a7f8d14b550961925fbfdaa92f5d195ba5bd,1162.002541
2025-01-02,0x28736f43f1e871e6aa8b1148d38d4994275d72c4,3.536668000000001
2025-01-02,0x2c229d22b100a7beb69122eed721cee9b24011dd,88.50699399999999
2025-01-02,0x47add9a56df66b524d5e2c1993a43cde53b6ed85,526.448209
2025-01-02,0x4f93fead39b70a1824f981a54d4e55b278e9f760,0.0
2025-01-02,0x6d6a4b953f202f8df5bed40692e7fd865318264a,0.0
2025-01-02,0x75f7eeb85dc639d5e99c78f95393aa9a5f1170d4,9609.447365
2025-01-02,0x8170715b3b381dffb7062c0298972d4727a0a63b,0.0
2025-01-02,0x8477e447846c758f5a675856001ea72298fd9cb5,1579.909758
2025-01-02,0xa0feb3725a9335f49874d7cd8eaad6be45b27416,923.487443
2025-01-02,0xb1231a4a2dd02f2276fa3c5e2a2f3436e6bfed23,15452.344326
2025-01-02,0xbee1707d6b44d4d52bfe19e41f8a828645437aab,2954.521713
2025-01-03,0x083384f897ee0f19899168e3b1bec365f52a9012,9482.221441
2025-01-03,0x28736f43f1e871e6aa8b1148d38d4994275d72c4,557.9358
2025-01-03,0x47add9a56df66b524d5e2c1993a43cde53b6ed85,109.593094
2025-01-03,0x72c6a4624e1dffa724e6d00d64ceae698af892a0,0.0
2025-01-03,0xbee1707d6b44d4d52bfe19e41f8a828645437aab,446.358633
2025-01-04,0x28736f43f1e871e6aa8b1148d38d4994275d72c4,768.351892
2025-01-04,0x2c229d22b100a7beb69122eed721cee9b24011dd,1334.414834
2025-01-04,0x47add9a56df66b524d5e2c1993a43cde53b6ed85,-680.287463
2025-01-04,0x4f93fead39b70a1824f981a54d4e55b278e9f760,1402.082488
2025-01-04,0x513b8629fe877bb581bf244e326a047b249c4ff1,0.0
2025-01-04,0x6d6a4b953f202f8df5bed40692e7fd865318264a,132.71954399999998
2025-01-04,0x8170715b3b381dffb7062c0298972d4727a0a63b,4004.50286
2025-01-04,0xbd5fead7180a9c139fa51a103cb6a2ce86ddb5c3,-9311.892185
2025-01-04,0xbee1707d6b44d4d52bfe19e41f8a828645437aab,147.445788
2025-01-05,0x23e7a7f8d14b550961925fbfdaa92f5d195ba5bd,1243.853569
2025-01-05,0x28736f43f1e871e6aa8b1148d38d4994275d72c4,16.923621
2025-01-05,0x47add9a56df66b524d5e2c1993a43cde53b6ed85,37.385304
2025-01-05,0x4f93fead39b70a1824f981a54d4e55b278e9f760,1220.746604
2025-01-05,0x513b8629fe877bb581bf244e326a047b249c4ff1,60544.304874
2025-01-05,0x8477e447846c758f5a675856001ea72298fd9cb5,-200.94846
2025-01-05,0xa0feb3725a9335f49874d7cd8eaad6be45b27416,1449.529436
2025-01-05,0xb1231a4a2dd02f2276fa3c5e2a2f3436e6bfed23,102460.17164
2025-01-05,0xbaaaf6571ab7d571043ff1e313a9609a10637864,1.86032
2025-01-05,0xbd5fead7180a9c139fa51a103cb6a2ce86ddb5c3,-113601.02013799999
2025-01-05,0xbee1707d6b44d4d52bfe19e41f8a828645437aab,1364.022527
2025-02-01,0x28736f43f1e871e6aa8b1148d38d4994275d72c4,416.546688
2025-02-01,0x47add9a56df66b524d5e2c1993a43cde53b6ed85,677.276764
2025-02-01,0x4f93fead39b70a1824f981a54d4e55b278e9f760,2399.9471460000004
2025-02-01,0x72c6a4624e1dffa724e6d00d64ceae698af892a0,0.0
2025-02-01,0x75f7eeb85dc639d5e99c78f95393aa9a5f1170d4,3429.9583199999997
2025-02-01,0x7f4f299f74eec87806a830e3caa9afa5f2b9db8f,1008.518954
2025-02-01,0x8170715b3b381dffb7062c0298972d4727a0a63b,739.18423
2025-02-01,0x8477e447846c758f5a675856001ea72298fd9cb5,45.086985
2025-02-01,0xb1231a4a2dd02f2276fa3c5e2a2f3436e6bfed23,0.0
2025-02-02,0x083384f897ee0f19899168e3b1bec365f52a9012,76710.0
2025-02-02,0x23e7a7f8d14b550961925fbfdaa92f5d195ba5bd,6352.452613
2025-02-02,0x28736f43f1e871e6aa8b1148d38d4994275d72c4,-1416.906536
2025-02-02,0x47add9a56df66b524d5e2c1993a43cde53b6ed85,-782.6517170000001
2025-02-02,0x4f93fead39b70a1824f981a54d4e55b278e9f760,0.0
2025-02-02,0x72c6a4624e1dffa724e6d00d64ceae698af892a0,0.0
2025-02-02,0x8170715b3b381dffb7062c0298972d4727a0a63b,0.0
2025-02-02,0x8381e6d82f1affd39a336e143e081ef7620a3b7f,0.0
2025-02-02,0x8477e447846c758f5a675856001ea72298fd9cb5,1023.934713
2025-02-02,0x92f17e8d81a944691c10e753af1b1baae1a2cd0d,12245.905048999999
2025-02-02,0xa0feb3725a9335f49874d7cd8eaad6be45b27416,0.0
2025-02-02,0xb1231a4a2dd02f2276fa3c5e2a2f3436e6bfed23,69051.70619
2025-02-02,0xbee1707d6b44d4d52bfe19e41f8a828645437aab,-329.680689
2025-02-03,0x28736f43f1e871e6aa8b1148d38d4994275d72c4,8330.21747
2025-02-03,0x47add9a56df66b524d5e2c1993a43cde53b6ed85,349.12092600000005
2025-02-03,0x4f93fead39b70a1824f981a54d4e55b278e9f760,11005.991600000001
2025-02-03,0x72c6a4624e1dffa724e6d00d64ceae698af892a0,10915.212
2025-02-03,0x75f7eeb85dc639d5e99c78f95393aa9a5f1170d4,948.6016900000001
2025-02-03,0x8170715b3b381dffb7062c0298972d4727a0a63b,0.0
2025-02-03,0xa0feb3725a9335f49874d7cd8eaad6be45b27416,625.512206
2025-02-03,0xb899e522b5715391ae1d4f137653e7906c5e2115,34795.678173
2025-02-03,0xbd5fead7180a9c139fa51a103cb6a2ce86ddb5c3,-2632.65866
2025-02-03,0xbee1707d6b44d4d52bfe19e41f8a828645437aab,2576.6453030000002
2025-02-04,0x28736f43f1e871e6aa8b1148d38d4994275d72c4,669.381363
2025-02-04,0x2c229d22b100a7beb69122eed721cee9b24011dd,1.1031579999999999
2025-02-04,0x47add9a56df66b524d5e2c1993a43cde53b6ed85,93.006465
2025-02-04,0x4acb90e786d897ecffb614dc822eb231b4ffb9f4,444.205198
2025-02-04,0x4f93fead39b70a1824f981a54d4e55b278e9f760,0.0
2025-02-04,0x6d6a4b953f202f8df5bed40692e7fd865318264a,234.497751
2025-02-04,0x75f7eeb85dc639d5e99c78f95393aa9a5f1170d4,90.98474
2025-02-04,0x8170715b3b381dffb7062c0298972d4727a0a63b,8045.056928
2025-02-04,0xbaaaf6571ab7d571043ff1e313a9609a10637864,188114.980392
2025-02-04,0xbd5fead7180a9c139fa51a103cb6a2ce86ddb5c3,2676.6850000000004
2025-02-04,0xbee1707d6b44d4d52bfe19e41f8a828645437aab,1842.839943
2025-03-01,0x28736f43f1e871e6aa8b1148d38d4994275d72c4,250.581483
2025-03-01,0x39cef799f8b69da1995852eea189df24eb5cae3c,0.0
2025-03-01,0x47add9a56df66b524d5e2c1993a43cde53b6ed85,846.655814
2025-03-01,0x4f93fead39b70a1824f981a54d4e55b278e9f760,3084.287743
2025-03-01,0x72c6a4624e1dffa724e6d00d64ceae698af892a0,0.0
2025-03-01,0x7f4f299f74eec87806a830e3caa9afa5f2b9db8f,937.789615
2025-03-01,0x8477e447846c758f5a675856001ea72298fd9cb5,909.1721379999999
2025-03-01,0xb1231a4a2dd02f2276fa3c5e2a2f3436e6bfed23,0.0
2025-03-01,0xbd5fead7180a9c139fa51a103cb6a2ce86ddb5c3,0.0
2025-03-02,0x083384f897ee0f19899168e3b1bec365f52a9012,101011.685664
2025-03-02,0x28736f43f1e871e6aa8b1148d38d4994275d72c4,439.634046
2025-03-02,0x47add9a56df66b524d5e2c1993a43cde53b6ed85,2440.916534
2025-03-02,0x75f7eeb85dc639d5e99c78f95393aa9a5f1170d4,14982.681725
2025-03-02,0x8170715b3b381dffb7062c0298972d4727a0a63b,13770.715332
2025-03-02,0x8381e6d82f1affd39a336e143e081ef7620a3b7f,0.0
2025-03-02,0x8477e447846c758f5a675856001ea72298fd9cb5,1474.607584
2025-03-02,0xa0feb3725a9335f49874d7cd8eaad6be45b27416,2161.6751200000003
2025-03-02,0xa520ded057a32086c40e7dd6ed4eb8efb82c00e0,20.596691
2025-03-02,0xb1231a4a2dd02f2276fa3c5e2a2f3436e6bfed23,46742.288748
2025-03-02,0xbd5fead7180a9c139fa51a103cb6a2ce86ddb5c3,160022.95082600001
2025-03-02,0xbee1707d6b44d4d52bfe19e41f8a828645437aab,5803.573999
2025-03-03,0x083384f897ee0f19899168e3b1bec365f52a9012,533974.662903
2025-03-03,0x23e7a7f8d14b550961925fbfdaa92f5d195ba5bd,2480.902379
2025-03-03,0x28736f43f1e871e6aa8b1148d38d4994275d72c4,494.669357
2025-03-03,0x47add9a56df66b524d5e2c1993a43cde53b6ed85,376.017126
2025-03-03,0x4acb90e786d897ecffb614dc822eb231b4ffb9f4,0.0
2025-03-03,0x4f93fead39b70a1824f981a54d4e55b278e9f760,1136.272279
2025-03-03,0x72c6a4624e1dffa724e6d00d64ceae698af892a0,17247.427499999998
2025-03-03,0x75f7eeb85dc639d5e99c78f95393aa9a5f1170d4,-370.250064
2025-03-03,0x8170715b3b381dffb7062c0298972d4727a0a63b,0.0
2025-03-03,0x8477e447846c758f5a675856001ea72298fd9cb5,468.35197800000003
2025-03-03,0xa0feb3725a9335f49874d7cd8eaad6be45b27416,60.171373
2025-03-03,0xb899e522b5715391ae1d4f137653e7906c5e2115,535.4072209999999
2025-03-03,0xbd5fead7180a9c139fa51a103cb6a2ce86ddb5c3,57561.35367
2025-03-03,0xbee1707d6b44d4d52bfe19e41f8a828645437aab,2448.046511
2025-03-04,0x23e7a7f8d14b550961925fbfdaa92f5d195ba5bd,0.0
2025-03-04,0x28736f43f1e871e6aa8b1148d38d4994275d72c4,149.51234499999998
2025-03-04,0x2c229d22b100a7beb69122eed721cee9b24011dd,160.127816
2025-03-04,0x39cef799f8b69da1995852eea189df24eb5cae3c,0.0
2025-03-04,0x47add9a56df66b524d5e2c1993a43cde53b6ed85,7.052034
2025-03-04,0x4acb90e786d897ecffb614dc822eb231b4ffb9f4,0.0
2025-03-04,0x4f93fead39b70a1824f981a54d4e55b278e9f760,0.0
2025-03-04,0x513b8629fe877bb581bf244e326a047b249c4ff1,0.0
2025-03-04,0x6d6a4b953f202f8df5bed40692e7fd865318264a,298.031364
2025-03-04,0x8170715b3b381dffb7062c0298972d4727a0a63b,0.0
2025-03-04,0x8477e447846c758f5a675856001ea72298fd9cb5,0.0
2025-03-04,0xaf40fdc468c30116bd3307bcbf4a451a7ebf1deb,2020.0
2025-03-04,0xb1231a4a2dd02f2276fa3c5e2a2f3436e6bfed23,0.0
2025-03-04,0xb899e522b5715391ae1d4f137653e7906c5e2115,361.071464
2025-03-04,0xbaaaf6571ab7d571043ff1e313a9609a10637864,3869.208803
2025-03-04,0xbd5fead7180a9c139fa51a103cb6a2ce86ddb5c3,-5862.0887760000005
2025-03-04,0xbee1707d6b44d4d52bfe19e41f8a828645437aab,-3368.876326
2025-04-01,0x28736f43f1e871e6aa8b1148d38d4994275d72c4,232.66549799999999
2025-04-01,0x47add9a56df66b524d5e2c1993a43cde53b6ed85,73.451675
2025-04-01,0x4f93fead39b70a1824f981a54d4e55b278e9f760,0.0
2025-04-01,0x72743ae2822edd658c0c50608fd7c5c501b2afbd,0.0
2025-04-01,0x72c6a4624e1dffa724e6d00d64ceae698af892a0,0.0
2025-04-01,0x8381e6d82f1affd39a336e143e081ef7620a3b7f,0.0
2025-04-01,0x8477e447846c758f5a675856001ea72298fd9cb5,30.818079
2025-04-01,0xa520ded057a32086c40e7dd6ed4eb8efb82c00e0,556.803152
2025-04-01,0xb1231a4a2dd02f2276fa3c5e2a2f3436e6bfed23,1659.7995640000001
2025-04-02,0x083384f897ee0f19899168e3b1bec365f52a9012,375620.270243
2025-04-02,0x28736f43f1e871e6aa8b1148d38d4994275d72c4,1291.500575
2025-04-02,0x47add9a56df66b524d5e2c1993a43cde53b6ed85,874.3810560000001
2025-04-02,0x4f93fead39b70a1824f981a54d4e55b278e9f760,6403.5061239999995
2025-04-02,0x72c6a4624e1dffa724e6d00d64ceae698af892a0,0.0
2025-04-02,0x75f7eeb85dc639d5e99c78f95393aa9a5f1170d4,1985.815595
2025-04-02,0x8170715b3b381dffb7062c0298972d4727a0a63b,0.0
2025-04-02,0x8381e6d82f1affd39a336e143e081ef7620a3b7f,9167.620989
2025-04-02,0x8477e447846c758f5a675856001ea72298fd9cb5,0.0
2025-04-02,0xa0feb3725a9335f49874d7cd8eaad6be45b27416,4624.583773
2025-04-02,0xb1231a4a2dd02f2276fa3c5e2a2f3436e6bfed23,16102.444634
2025-04-02,0xbd5fead7180a9c139fa51a103cb6a2ce86ddb5c3,0.0
2025-04-02,0xbee1707d6b44d4d52bfe19e41f8a828645437aab,806.765131
2025-04-03,0x23e7a7f8d14b550961925fbfdaa92f5d195ba5bd,-3169.3554679999997
2025-04-03,0x28736f43f1e871e6aa8b1148d38d4994275d72c4,163.73415
2025-04-03,0x39cef799f8b69da1995852eea189df24eb5cae3c,863.956464
2025-04-03,0x47add9a56df66b524d5e2c1993a43cde53b6ed85,444.266681
2025-04-03,0x4acb90e786d897ecffb614dc822eb231b4ffb9f4,0.0
2025-04-03,0x4f93fead39b70a1824f981a54d4e55b278e9f760,8002.939313
2025-04-03,0x72c6a4624e1dffa724e6d00d64ceae698af892a0,169132.29611
2025-04-03,0x8170715b3b381dffb7062c0298972d4727a0a63b,6939.47356
2025-04-03,0x8477e447846c758f5a675856001ea72298fd9cb5,54.2704
2025-04-03,0xa0feb3725a9335f49874d7cd8eaad6be45b27416,0.0
2025-04-03,0xae5eacaf9c6b9111fd53034a602c192a04e082ed,0.0
2025-04-03,0xb1231a4a2dd02f2276fa3c5e2a2f3436e6bfed23,0.0
2025-04-03,0xb899e522b5715391ae1d4f137653e7906c5e2115,4578.655427
2025-04-03,0xbaaaf6571ab7d571043ff1e313a9609a10637864,0.0
2025-04-03,0xbd5fead7180a9c139fa51a103cb6a2ce86ddb5c3,0.0
2025-04-03,0xbee1707d6b44d4d52bfe19e41f8a828645437aab,-4934.6700519999995
2025-04-04,0x28736f43f1e871e6aa8b1148d38d4994275d72c4,498.73528200000004
2025-04-04,0x39cef799f8b69da1995852eea189df24eb5cae3c,266.39774
2025-04-04,0x3f9a0aadc7f04a7c9d75dc1b5a6ddd6e36486cf6,0.0
2025-04-04,0x47add9a56df66b524d5e2c1993a43cde53b6ed85,0.0
2025-04-04,0x4acb90e786d897ecffb614dc822eb231b4ffb9f4,0.0
2025-04-04,0x4f93fead39b70a1824f981a54d4e55b278e9f760,4591.427138999999
2025-04-04,0x6d6a4b953f202f8df5bed40692e7fd865318264a,392.35488599999996
2025-04-04,0x8170715b3b381dffb7062c0298972d4727a0a63b,4805.345609999999
2025-04-04,0x8477e447846c758f5a675856001ea72298fd9cb5,586.623362
2025-04-04,0xb1231a4a2dd02f2276fa3c5e2a2f3436e6bfed23,2242.086667
2025-04-04,0xb899e522b5715391ae1d4f137653e7906c5e2115,0.0
2025-04-04,0xbaaaf6571ab7d571043ff1e313a9609a10637864,9367.872074
2025-04-04,0xbd5fead7180a9c139fa51a103cb6a2ce86ddb5c3,-43753.361578
2025-04-04,0xbee1707d6b44d4d52bfe19e41f8a828645437aab,-4513.160132
2025-05-01,0x28736f43f1e871e6aa8b1148d38d4994275d72c4,87.752181
2025-05-01,0x47add9a56df66b524d5e2c1993a43cde53b6ed85,8.594753
2025-05-01,0x4f93fead39b70a1824f981a54d4e55b278e9f760,890.33157
2025-05-01,0x72c6a4624e1dffa724e6d00d64ceae698af892a0,0.0
2025-05-01,0x7f4f299f74eec87806a830e3caa9afa5f2b9db8f,1093.05677
2025-05-01,0x8381e6d82f1affd39a336e143e081ef7620a3b7f,0.0
2025-05-01,0x8477e447846c758f5a675856001ea72298fd9cb5,151.429584
2025-05-01,0xb1231a4a2dd02f2276fa3c5e2a2f3436e6bfed23,956.5545050000001
2025-05-02,0x083384f897ee0f19899168e3b1bec365f52a9012,44400.9058
2025-05-02,0x28736f43f1e871e6aa8b1148d38d4994275d72c4,696.8107239999999
2025-05-02,0x47add9a56df66b524d5e2c1993a43cde53b6ed85,32.72269
2025-05-02,0x4f93fead39b70a1824f981a54d4e55b278e9f760,0.0
2025-05-02,0x75f7eeb85dc639d5e99c78f95393aa9a5f1170d4,14.590934
2025-05-02,0x8170715b3b381dffb7062c0298972d4727a0a63b,0.0
2025-05-02,0x8381e6d82f1affd39a336e143e081ef7620a3b7f,1843.301845
2025-05-02,0x8477e447846c758f5a675856001ea72298fd9cb5,554.257954
2025-05-02,0xa0feb3725a9335f49874d7cd8eaad6be45b27416,-6194.283149
2025-05-02,0xb1231a4a2dd02f2276fa3c5e2a2f3436e6bfed23,14644.100674
2025-05-02,0xbee1707d6b44d4d52bfe19e41f8a828645437aab,713.82809
